Date,"Indian Institutes of Technology"
2015-07-01,4958
2015-07-02,5077
2015-07-03,4795
2015-07-04,4303
2015-07-05,4103
2015-07-06,3988
2015-07-07,4677
2015-07-08,4539
2015-07-09,3949
2015-07-10,3666
2015-07-11,3559
2015-07-12,3518
2015-07-13,4098
2015-07-14,3989
2015-07-15,3478
2015-07-16,3613
2015-07-17,3304
2015-07-18,3409
2015-07-19,3509
2015-07-20,3666
2015-07-21,3523
2015-07-22,3198
2015-07-23,3366
2015-07-24,3231
2015-07-25,3635
2015-07-26,3515
2015-07-27,3935
2015-07-28,4320
2015-07-29,3439
2015-07-30,3318
2015-07-31,3157
2015-08-01,3142
2015-08-02,2937
2015-08-03,3819
2015-08-04,3871
2015-08-05,3528
2015-08-06,3789
2015-08-07,3198
2015-08-08,3050
2015-08-09,3235
2015-08-10,3077
2015-08-11,5046
2015-08-12,4924
2015-08-13,3933
2015-08-14,3262
2015-08-15,3330
2015-08-16,3548
2015-08-17,3277
2015-08-18,3486
2015-08-19,3125
2015-08-20,3277
2015-08-21,3088
2015-08-22,3029
2015-08-23,2923
2015-08-24,2908
2015-08-25,2993
2015-08-26,2827
2015-08-27,2864
2015-08-28,2947
2015-08-29,2895
2015-08-30,3227
2015-08-31,3016
2015-09-01,2814
2015-09-02,3014
2015-09-03,3079
2015-09-04,2864
2015-09-05,2604
2015-09-06,2783
2015-09-07,3728
2015-09-08,3142
2015-09-09,4525
2015-09-10,4178
2015-09-11,3338
2015-09-12,3202
2015-09-13,3034
2015-09-14,3304
2015-09-15,3043
2015-09-16,2985
2015-09-17,2834
2015-09-18,2883
2015-09-19,2822
2015-09-20,2723
2015-09-21,2925
2015-09-22,3500
2015-09-23,3300
2015-09-24,3271
2015-09-25,2931
2015-09-26,2887
2015-09-27,3025
2015-09-28,3237
2015-09-29,3217
2015-09-30,3031
2015-10-01,2840
2015-10-02,2926
2015-10-03,2729
2015-10-04,2843
2015-10-05,2914
2015-10-06,2920
2015-10-07,3061
2015-10-08,2781
2015-10-09,2825
2015-10-10,2786
2015-10-11,2715
2015-10-12,2711
2015-10-13,2740
2015-10-14,2456
2015-10-15,2555
2015-10-16,2562
2015-10-17,2441
2015-10-18,2417
2015-10-19,2551
2015-10-20,2760
2015-10-21,2438
2015-10-22,2276
2015-10-23,2603
2015-10-24,2568
2015-10-25,2225
2015-10-26,2554
2015-10-27,2494
2015-10-28,3143
2015-10-29,2812
2015-10-30,2612
2015-10-31,2327
2015-11-01,2362
2015-11-02,2760
2015-11-03,2578
2015-11-04,2443
2015-11-05,2432
2015-11-06,2451
2015-11-07,2281
2015-11-08,2439
2015-11-09,2332
2015-11-10,2348
2015-11-11,2125
2015-11-12,2702
2015-11-13,2713
2015-11-14,2473
2015-11-15,2573
2015-11-16,2434
2015-11-17,2472
2015-11-18,2525
2015-11-19,2634
2015-11-20,2689
2015-11-21,2505
2015-11-22,2595
2015-11-23,2383
2015-11-24,2879
2015-11-25,3098
2015-11-26,2735
2015-11-27,2808
2015-11-28,2602
2015-11-29,3136
2015-11-30,3053
2015-12-01,2886
2015-12-02,3542
2015-12-03,4433
2015-12-04,3635
2015-12-05,3432
2015-12-06,3422
2015-12-07,3205
2015-12-08,3176
2015-12-09,3169
2015-12-10,3408
2015-12-11,2981
2015-12-12,2837
2015-12-13,2963
2015-12-14,2857
2015-12-15,2870
2015-12-16,2971
2015-12-17,3822
2015-12-18,3225
2015-12-19,2916
2015-12-20,2799
2015-12-21,2954
2015-12-22,3018
2015-12-23,2990
2015-12-24,2768
2015-12-25,2686
2015-12-26,2919
2015-12-27,2975
2015-12-28,3268
2015-12-29,3303
2015-12-30,3286
2015-12-31,2635
2016-01-01,2577
2016-01-02,2893
2016-01-03,2797
2016-01-04,2833
2016-01-05,2863
2016-01-06,2877
2016-01-07,3408
2016-01-08,3150
2016-01-09,3270
2016-01-10,2970
2016-01-11,3096
2016-01-12,2870
2016-01-13,3014
2016-01-14,2995
2016-01-15,2889
2016-01-16,2988
2016-01-17,2715
2016-01-18,2825
2016-01-19,3090
2016-01-20,2823
2016-01-21,2998
2016-01-22,2864
2016-01-23,2523
2016-01-24,2785
2016-01-25,2719
2016-01-26,2743
2016-01-27,2954
2016-01-28,2907
2016-01-29,2580
2016-01-30,2664
2016-01-31,2732
2016-02-01,2874
2016-02-02,2798
2016-02-03,3125
2016-02-04,2939
2016-02-05,2878
2016-02-06,3299
2016-02-07,3315
2016-02-08,3169
2016-02-09,3356
2016-02-10,3064
2016-02-11,3064
2016-02-12,2939
2016-02-13,2856
2016-02-14,2746
2016-02-15,3031
2016-02-16,3174
2016-02-17,2971
2016-02-18,3112
2016-02-19,3048
2016-02-20,2750
2016-02-21,2935
2016-02-22,3175
2016-02-23,2990
2016-02-24,3028
2016-02-25,3036
2016-02-26,2929
2016-02-27,2819
2016-02-28,2961
2016-02-29,3033
2016-03-01,2836
2016-03-02,3112
2016-03-03,3027
2016-03-04,3054
2016-03-05,2856
2016-03-06,2853
2016-03-07,3035
2016-03-08,2872
2016-03-09,2860
2016-03-10,2984
2016-03-11,2953
2016-03-12,2870
2016-03-13,2745
2016-03-14,2943
2016-03-15,2939
2016-03-16,2868
2016-03-17,3187
2016-03-18,3276
2016-03-19,3831
2016-03-20,3921
2016-03-21,4428
2016-03-22,4154
2016-03-23,3850
2016-03-24,3816
2016-03-25,3969
2016-03-26,3914
2016-03-27,3586
2016-03-28,4247
2016-03-29,4446
2016-03-30,4225
2016-03-31,3552
2016-04-01,4078
2016-04-02,4475
2016-04-03,4817
2016-04-04,5290
2016-04-05,5256
2016-04-06,4963
2016-04-07,5894
2016-04-08,5494
2016-04-09,4581
2016-04-10,4221
2016-04-11,4243
2016-04-12,3925
2016-04-13,3961
2016-04-14,3838
2016-04-15,3500
2016-04-16,3171
2016-04-17,2920
2016-04-18,3556
2016-04-19,3471
2016-04-20,3143
2016-04-21,3249
2016-04-22,3239
2016-04-23,3208
2016-04-24,3179
2016-04-25,3415
2016-04-26,3679
2016-04-27,4993
2016-04-28,5684
2016-04-29,5019
2016-04-30,4699
2016-05-01,4228
2016-05-02,4451
2016-05-03,4322
2016-05-04,4284
2016-05-05,3980
2016-05-06,3784
2016-05-07,3779
2016-05-08,3542
2016-05-09,4065
2016-05-10,4440
2016-05-11,4049
2016-05-12,4028
2016-05-13,4033
2016-05-14,3576
2016-05-15,3702
2016-05-16,3832
2016-05-17,4188
2016-05-18,4086
2016-05-19,4020
2016-05-20,4253
2016-05-21,4139
2016-05-22,4282
2016-05-23,5027
2016-05-24,4801
2016-05-25,5997
2016-05-26,6945
2016-05-27,4970
2016-05-28,4623
2016-05-29,4203
2016-05-30,4654
2016-05-31,4704
2016-06-01,4531
2016-06-02,4891
2016-06-03,4883
2016-06-04,4314
2016-06-05,4224
2016-06-06,4394
2016-06-07,4444
2016-06-08,4484
2016-06-09,4262
2016-06-10,4121
2016-06-11,3980
2016-06-12,8292
2016-06-13,8999
2016-06-14,7564
2016-06-15,6394
2016-06-16,5722
2016-06-17,5225
2016-06-18,5023
2016-06-19,5239
2016-06-20,5084
2016-06-21,4887
2016-06-22,5167
2016-06-23,5251
2016-06-24,6508
2016-06-25,6280
2016-06-26,6069
2016-06-27,5617
2016-06-28,5347
2016-06-29,4389
2016-06-30,5044
2016-07-01,4618
2016-07-02,4017
2016-07-03,4202
2016-07-04,4000
2016-07-05,4226
2016-07-06,4420
2016-07-07,4050
2016-07-08,3746
2016-07-09,3776
2016-07-10,3647
2016-07-11,3510
2016-07-12,3594
2016-07-13,3537
2016-07-14,3427
2016-07-15,3389
2016-07-16,3325
2016-07-17,3602
2016-07-18,3600
2016-07-19,4086
2016-07-20,3448
2016-07-21,3476
2016-07-22,3396
2016-07-23,3114
2016-07-24,3310
2016-07-25,3600
2016-07-26,3652
2016-07-27,3381
2016-07-28,3312
2016-07-29,3089
2016-07-30,2926
2016-07-31,2962
2016-08-01,3061
2016-08-02,3383
2016-08-03,3255
2016-08-04,2995
2016-08-05,2917
2016-08-06,2744
2016-08-07,2966
2016-08-08,3226
2016-08-09,2893
2016-08-10,2734
2016-08-11,2876
2016-08-12,2879
2016-08-13,2508
2016-08-14,2587
2016-08-15,2757
2016-08-16,2668
2016-08-17,2700
2016-08-18,2629
2016-08-19,2512
2016-08-20,2421
2016-08-21,2596
2016-08-22,2569
2016-08-23,2768
2016-08-24,2878
2016-08-25,2814
2016-08-26,2926
2016-08-27,2590
2016-08-28,2961
2016-08-29,3595
2016-08-30,3150
2016-08-31,2843
2016-09-01,2775
2016-09-02,2791
2016-09-03,2437
2016-09-04,2611
2016-09-05,2477
2016-09-06,2734
2016-09-07,2647
2016-09-08,2580
2016-09-09,2668
2016-09-10,2405
2016-09-11,2671
2016-09-12,2792
2016-09-13,2668
2016-09-14,2686
2016-09-15,2658
2016-09-16,2528
2016-09-17,2570
2016-09-18,2576
2016-09-19,2609
2016-09-20,2448
2016-09-21,2606
2016-09-22,2580
2016-09-23,2638
2016-09-24,2489
2016-09-25,2600
2016-09-26,2678
2016-09-27,2661
2016-09-28,2507
2016-09-29,2421
2016-09-30,2212
2016-10-01,2065
2016-10-02,2135
2016-10-03,2264
2016-10-04,2424
2016-10-05,2392
2016-10-06,2237
2016-10-07,2217
2016-10-08,2172
2016-10-09,2090
2016-10-10,2377
2016-10-11,2219
2016-10-12,2419
2016-10-13,2553
2016-10-14,2591
2016-10-15,2256
2016-10-16,2218
2016-10-17,2388
2016-10-18,2437
2016-10-19,2416
2016-10-20,2421
2016-10-21,2318
2016-10-22,2325
2016-10-23,2308
2016-10-24,2461
2016-10-25,2417
2016-10-26,2358
2016-10-27,2304
2016-10-28,1972
2016-10-29,1752
2016-10-30,1646
2016-10-31,2248
2016-11-01,2358
2016-11-02,2351
2016-11-03,2539
2016-11-04,2509
2016-11-05,2426
2016-11-06,2288
2016-11-07,2340
2016-11-08,2222
2016-11-09,1787
2016-11-10,2156
2016-11-11,2124
2016-11-12,2265
2016-11-13,2175
2016-11-14,2370
2016-11-15,2197
2016-11-16,2135
2016-11-17,2155
2016-11-18,1972
2016-11-19,2008
2016-11-20,2209
2016-11-21,2105
2016-11-22,2251
2016-11-23,2360
2016-11-24,2355
2016-11-25,2340
2016-11-26,2296
2016-11-27,2302
2016-11-28,2389
2016-11-29,2289
2016-11-30,2470
2016-12-01,2745
2016-12-02,2824
2016-12-03,2527
2016-12-04,2835
2016-12-05,2682
2016-12-06,2659
2016-12-07,2588
2016-12-08,2598
2016-12-09,2540
2016-12-10,2377
2016-12-11,2558
2016-12-12,2580
2016-12-13,2435
2016-12-14,2529
2016-12-15,2671
2016-12-16,2413
2016-12-17,2503
2016-12-18,2593
2016-12-19,2726
2016-12-20,2669
2016-12-21,2724
2016-12-22,2425
2016-12-23,2430
2016-12-24,2303
2016-12-25,2379
2016-12-26,2710
2016-12-27,2678
2016-12-28,2851
2016-12-29,2833
2016-12-30,2581
2016-12-31,2089
2017-01-01,2087
2017-01-02,2631
2017-01-03,2830
2017-01-04,2842
2017-01-05,3362
2017-01-06,3427
2017-01-07,3172
2017-01-08,3324
2017-01-09,3385
2017-01-10,3238
2017-01-11,2981
2017-01-12,2867
2017-01-13,2761
2017-01-14,2598
2017-01-15,2435
2017-01-16,2764
2017-01-17,2720
2017-01-18,2649
2017-01-19,2486
2017-01-20,2405
2017-01-21,2585
2017-01-22,2321
2017-01-23,2528
2017-01-24,2663
2017-01-25,2765
2017-01-26,2570
2017-01-27,2676
2017-01-28,2562
2017-01-29,2453
2017-01-30,2664
2017-01-31,2713
2017-02-01,2633
2017-02-02,2636
2017-02-03,2472
2017-02-04,2611
2017-02-05,2500
2017-02-06,2725
2017-02-07,2889
2017-02-08,2667
2017-02-09,2804
2017-02-10,2773
2017-02-11,2608
2017-02-12,3175
2017-02-13,2768
2017-02-14,2626
2017-02-15,2863
2017-02-16,3090
2017-02-17,3015
2017-02-18,2944
2017-02-19,3322
2017-02-20,2780
2017-02-21,2958
2017-02-22,2845
2017-02-23,2661
2017-02-24,2491
2017-02-25,2509
2017-02-26,2616
2017-02-27,2841
2017-02-28,7433
2017-03-01,2714
2017-03-02,2756
2017-03-03,2564
2017-03-04,2505
2017-03-05,2528
2017-03-06,2598
2017-03-07,2701
2017-03-08,2666
2017-03-09,2541
2017-03-10,2570
2017-03-11,2260
2017-03-12,2663
2017-03-13,2555
2017-03-14,3072
2017-03-15,2808
2017-03-16,3010
2017-03-17,2948
2017-03-18,2889
2017-03-19,2613
2017-03-20,3180
2017-03-21,3374
2017-03-22,3564
2017-03-23,3267
2017-03-24,3414
2017-03-25,3392
2017-03-26,3928
2017-03-27,4777
2017-03-28,4537
2017-03-29,4343
2017-03-30,4544
2017-03-31,3906
2017-04-01,3845
2017-04-02,4344
2017-04-03,4948
2017-04-04,5035
2017-04-05,4089
2017-04-06,3971
2017-04-07,3528
2017-04-08,3603
2017-04-09,3582
2017-04-10,3788
2017-04-11,3586
2017-04-12,3592
2017-04-13,3524
2017-04-14,3598
2017-04-15,3573
2017-04-16,3727
2017-04-17,3767
2017-04-18,3696
2017-04-19,3495
2017-04-20,3526
2017-04-21,3458
2017-04-22,3284
2017-04-23,3301
2017-04-24,3370
2017-04-25,3649
2017-04-26,3355
2017-04-27,5425
2017-04-28,4903
2017-04-29,4231
2017-04-30,3850
2017-05-01,3691
2017-05-02,3704
2017-05-03,3520
2017-05-04,3567
2017-05-05,3525
2017-05-06,3381
2017-05-07,3459
2017-05-08,3534
2017-05-09,3618
2017-05-10,3414
2017-05-11,3335
2017-05-12,3436
2017-05-13,3547
2017-05-14,3237
2017-05-15,3479
2017-05-16,3366
2017-05-17,3178
2017-05-18,3200
2017-05-19,3422
2017-05-20,3419
2017-05-21,3788
2017-05-22,4800
2017-05-23,4430
2017-05-24,4026
2017-05-25,3947
2017-05-26,3822
2017-05-27,3753
2017-05-28,3694
2017-05-29,3990
2017-05-30,4333
2017-05-31,4351
2017-06-01,4052
2017-06-02,3860
2017-06-03,3670
2017-06-04,3617
2017-06-05,3981
2017-06-06,4045
2017-06-07,3814
2017-06-08,3719
2017-06-09,3815
2017-06-10,3786
2017-06-11,7765
2017-06-12,7724
2017-06-13,6335
2017-06-14,6186
2017-06-15,5620
2017-06-16,5460
2017-06-17,4878
2017-06-18,4024
2017-06-19,4463
2017-06-20,4366
2017-06-21,4263
2017-06-22,3844
2017-06-23,3867
2017-06-24,3690
2017-06-25,4105
2017-06-26,4333
2017-06-27,4350
2017-06-28,4105
2017-06-29,3703
2017-06-30,3293
2017-07-01,3090
2017-07-02,3234
2017-07-03,3124
2017-07-04,3331
2017-07-05,3273
2017-07-06,3348
2017-07-07,3463
2017-07-08,3626
2017-07-09,3525
2017-07-10,3451
2017-07-11,3305
2017-07-12,3223
2017-07-13,3087
2017-07-14,3083
2017-07-15,2887
2017-07-16,3016
2017-07-17,3113
2017-07-18,3154
2017-07-19,3210
2017-07-20,3213
2017-07-21,3092
2017-07-22,2954
2017-07-23,2987
2017-07-24,2916
2017-07-25,3211
2017-07-26,3261
2017-07-27,3253
2017-07-28,3238
2017-07-29,2833
2017-07-30,3282
2017-07-31,2977
2017-08-01,2681
2017-08-02,2954
2017-08-03,2566
2017-08-04,2641
2017-08-05,2506
2017-08-06,2529
2017-08-07,2901
2017-08-08,2722
2017-08-09,2764
2017-08-10,2794
2017-08-11,2478
2017-08-12,2562
2017-08-13,2719
2017-08-14,2834
2017-08-15,2745
2017-08-16,2745
2017-08-17,2650
2017-08-18,2638
2017-08-19,2681
2017-08-20,3040
2017-08-21,2801
2017-08-22,2553
2017-08-23,2373
2017-08-24,2409
2017-08-25,2225
2017-08-26,2307
2017-08-27,2263
2017-08-28,2285
2017-08-29,2259
2017-08-30,2486
2017-08-31,2162
2017-09-01,2300
2017-09-02,2512
2017-09-03,2475
2017-09-04,2413
2017-09-05,2504
2017-09-06,2499
2017-09-07,2619
2017-09-08,5588
2017-09-09,3498
2017-09-10,2987
2017-09-11,2956
2017-09-12,2558
2017-09-13,2564
2017-09-14,2932
2017-09-15,2716
2017-09-16,2455
2017-09-17,2400
2017-09-18,2564
2017-09-19,2534
2017-09-20,2484
2017-09-21,2459
2017-09-22,2561
2017-09-23,2974
2017-09-24,4080
2017-09-25,3676
2017-09-26,3122
2017-09-27,2698
2017-09-28,2588
2017-09-29,2598
2017-09-30,2459
2017-10-01,2605
2017-10-02,2890
2017-10-03,2909
2017-10-04,2685
2017-10-05,2741
2017-10-06,2631
2017-10-07,3012
2017-10-08,2746
2017-10-09,2472
2017-10-10,2807
2017-10-11,2646
2017-10-12,2675
2017-10-13,2469
2017-10-14,2481
2017-10-15,2478
2017-10-16,2732
2017-10-17,2861
2017-10-18,2835
2017-10-19,2269
2017-10-20,2719
2017-10-21,2762
2017-10-22,2780
2017-10-23,2884
2017-10-24,2778
2017-10-25,2895
2017-10-26,2861
2017-10-27,2847
2017-10-28,2826
2017-10-29,2583
2017-10-30,2687
2017-10-31,2633
2017-11-01,2413
2017-11-02,2529
2017-11-03,2393
2017-11-04,2425
2017-11-05,2622
2017-11-06,2533
2017-11-07,2371
2017-11-08,2379
2017-11-09,2527
2017-11-10,2519
2017-11-11,2698
2017-11-12,2567
2017-11-13,2674
2017-11-14,2595
2017-11-15,2510
2017-11-16,2376
2017-11-17,2317
2017-11-18,2210
2017-11-19,2438
2017-11-20,2267
2017-11-21,2335
2017-11-22,2331
2017-11-23,2334
2017-11-24,2332
2017-11-25,2179
2017-11-26,2227
2017-11-27,2374
2017-11-28,2297
2017-11-29,2268
2017-11-30,2359
2017-12-01,2633
2017-12-02,2772
2017-12-03,3447
2017-12-04,3056
2017-12-05,2915
2017-12-06,2595
2017-12-07,2561
2017-12-08,2483
2017-12-09,2589
2017-12-10,2488
2017-12-11,2491
2017-12-12,2532
2017-12-13,2197
2017-12-14,2331
2017-12-15,2206
2017-12-16,2360
2017-12-17,2361
2017-12-18,2264
2017-12-19,2463
2017-12-20,2284
2017-12-21,2455
2017-12-22,2221
2017-12-23,2151
2017-12-24,2113
2017-12-25,2228
2017-12-26,2390
2017-12-27,2393
2017-12-28,2570
2017-12-29,2498
2017-12-30,2372
2017-12-31,2228
2018-01-01,2197
2018-01-02,2520
2018-01-03,2446
2018-01-04,2567
2018-01-05,2327
2018-01-06,2314
2018-01-07,2483
2018-01-08,2616
2018-01-09,2554
2018-01-10,2688
2018-01-11,2661
2018-01-12,2501
2018-01-13,2351
2018-01-14,2342
2018-01-15,2562
2018-01-16,2548
2018-01-17,2627
2018-01-18,2699
2018-01-19,2509
2018-01-20,2368
2018-01-21,2331
2018-01-22,2574
2018-01-23,2558
2018-01-24,2471
2018-01-25,2439
2018-01-26,2309
2018-01-27,2326
2018-01-28,2439
2018-01-29,2674
2018-01-30,2648
2018-01-31,2342
2018-02-01,2780
2018-02-02,2575
2018-02-03,2321
2018-02-04,2559
2018-02-05,2542
2018-02-06,2623
2018-02-07,2534
2018-02-08,2649
2018-02-09,2524
2018-02-10,2403
2018-02-11,2544
2018-02-12,2555
2018-02-13,2726
2018-02-14,2356
2018-02-15,2535
2018-02-16,2554
2018-02-17,2458
2018-02-18,2568
2018-02-19,2660
2018-02-20,2710
2018-02-21,2714
2018-02-22,3052
2018-02-23,2576
2018-02-24,2657
2018-02-25,2546
2018-02-26,2573
2018-02-27,2717
2018-02-28,2508
2018-03-01,2505
2018-03-02,2312
2018-03-03,2485
2018-03-04,2619
2018-03-05,2642
2018-03-06,2526
2018-03-07,3075
2018-03-08,2506
2018-03-09,2653
2018-03-10,2527
2018-03-11,2692
2018-03-12,2739
2018-03-13,2994
2018-03-14,2653
2018-03-15,2723
2018-03-16,3302
2018-03-17,3676
2018-03-18,3696
2018-03-19,3566
2018-03-20,3882
2018-03-21,3668
2018-03-22,3583
2018-03-23,3461
2018-03-24,3348
2018-03-25,3485
2018-03-26,3565
2018-03-27,3255
2018-03-28,3390
2018-03-29,3525
2018-03-30,3508
2018-03-31,3238
2018-04-01,3335
2018-04-02,3591
2018-04-03,3945
2018-04-04,4255
2018-04-05,3797
2018-04-06,3694
2018-04-07,3439
2018-04-08,4074
2018-04-09,4218
2018-04-10,3881
2018-04-11,3610
2018-04-12,3635
2018-04-13,3675
2018-04-14,3383
2018-04-15,3389
2018-04-16,3578
2018-04-17,3173
2018-04-18,3194
2018-04-19,3038
2018-04-20,3083
2018-04-21,2945
2018-04-22,3044
2018-04-23,3373
2018-04-24,3195
2018-04-25,2983
2018-04-26,2864
2018-04-27,2729
2018-04-28,2905
2018-04-29,2845
2018-04-30,4561
2018-05-01,4989
2018-05-02,4280
2018-05-03,3935
2018-05-04,3818
2018-05-05,3512
2018-05-06,3379
2018-05-07,3584
2018-05-08,3808
2018-05-09,3584
2018-05-10,3628
2018-05-11,3491
2018-05-12,3009
2018-05-13,3022
2018-05-14,3317
2018-05-15,3169
2018-05-16,3351
2018-05-17,3243
2018-05-18,3172
2018-05-19,3072
2018-05-20,3401
2018-05-21,3871
2018-05-22,3445
2018-05-23,3566
2018-05-24,3533
2018-05-25,3476
2018-05-26,3600
2018-05-27,3468
2018-05-28,3673
2018-05-29,3923
2018-05-30,3954
2018-05-31,3756
2018-06-01,3369
2018-06-02,3221
2018-06-03,3254
2018-06-04,3570
2018-06-05,3904
2018-06-06,3525
2018-06-07,3799
2018-06-08,3634
2018-06-09,3821
2018-06-10,9000
2018-06-11,7495
2018-06-12,5687
2018-06-13,5690
2018-06-14,6496
2018-06-15,6997
2018-06-16,5367
2018-06-17,4776
2018-06-18,4353
2018-06-19,4427
2018-06-20,3950
2018-06-21,3623
2018-06-22,3480
2018-06-23,3375
2018-06-24,4021
2018-06-25,3573
2018-06-26,3019
2018-06-27,3496
2018-06-28,3613
2018-06-29,3452
2018-06-30,3195
2018-07-01,3084
2018-07-02,2906
2018-07-03,2930
2018-07-04,2880
2018-07-05,3020
2018-07-06,3014
2018-07-07,2807
2018-07-08,2998
2018-07-09,3119
2018-07-10,3168
2018-07-11,3028
2018-07-12,2950
2018-07-13,2750
2018-07-14,2601
2018-07-15,2659
2018-07-16,3046
2018-07-17,2675
2018-07-18,3015
2018-07-19,2906
2018-07-20,2774
2018-07-21,2698
2018-07-22,2862
2018-07-23,2908
2018-07-24,2658
2018-07-25,2616
2018-07-26,2621
2018-07-27,2395
2018-07-28,2390
2018-07-29,2517
2018-07-30,2831
2018-07-31,3097
2018-08-01,2956
2018-08-02,2810
2018-08-03,2579
2018-08-04,2442
2018-08-05,2201
2018-08-06,2357
2018-08-07,2330
2018-08-08,2392
2018-08-09,2372
2018-08-10,2429
2018-08-11,3359
2018-08-12,3039
2018-08-13,2607
2018-08-14,2371
2018-08-15,2623
2018-08-16,2468
2018-08-17,4979
2018-08-18,2578
2018-08-19,2251
2018-08-20,2287
2018-08-21,2450
2018-08-22,2437
2018-08-23,2225
2018-08-24,2203
2018-08-25,2132
2018-08-26,2287
2018-08-27,2395
2018-08-28,2181
2018-08-29,2190
2018-08-30,2256
2018-08-31,2225
2018-09-01,2099
2018-09-02,2217
2018-09-03,2213
2018-09-04,2159
2018-09-05,2298
2018-09-06,2222
2018-09-07,2190
2018-09-08,2068
2018-09-09,2054
2018-09-10,2084
2018-09-11,1986
2018-09-12,1994
2018-09-13,2228
2018-09-14,2115
2018-09-15,2194
2018-09-16,2162
2018-09-17,2069
2018-09-18,2079
2018-09-19,2121
2018-09-20,2722
2018-09-21,2206
2018-09-22,1966
2018-09-23,1840
2018-09-24,1921
2018-09-25,2103
2018-09-26,2389
2018-09-27,2269
2018-09-28,2191
2018-09-29,1968
2018-09-30,1985
2018-10-01,2040
2018-10-02,2010
2018-10-03,2013
2018-10-04,2215
2018-10-05,1995
2018-10-06,1788
2018-10-07,2011
2018-10-08,2021
2018-10-09,2030
2018-10-10,1850
2018-10-11,2023
2018-10-12,1966
2018-10-13,1896
2018-10-14,1977
2018-10-15,2016
2018-10-16,2234
2018-10-17,2250
2018-10-18,2121
2018-10-19,2244
2018-10-20,2105
2018-10-21,2193
2018-10-22,2221
2018-10-23,2181
2018-10-24,2313
2018-10-25,2258
2018-10-26,2014
2018-10-27,1818
2018-10-28,2088
2018-10-29,2050
2018-10-30,2206
2018-10-31,2181
2018-11-01,2043
2018-11-02,1890
2018-11-03,1991
2018-11-04,1905
2018-11-05,2074
2018-11-06,1880
2018-11-07,1665
2018-11-08,1988
2018-11-09,2098
2018-11-10,2180
2018-11-11,2322
2018-11-12,2124
2018-11-13,2214
2018-11-14,2292
2018-11-15,2191
2018-11-16,2001
2018-11-17,1872
2018-11-18,2187
2018-11-19,2063
2018-11-20,2162
2018-11-21,2049
2018-11-22,1934
2018-11-23,1860
2018-11-24,1740
2018-11-25,1939
2018-11-26,1910
2018-11-27,2101
2018-11-28,2183
2018-11-29,2063
2018-11-30,2099
2018-12-01,2025
2018-12-02,2129
2018-12-03,2252
2018-12-04,2214
2018-12-05,2188
2018-12-06,2235
2018-12-07,2040
2018-12-08,1984
2018-12-09,2028
2018-12-10,1994
2018-12-11,2087
2018-12-12,2036
2018-12-13,2136
2018-12-14,2209
2018-12-15,2042
2018-12-16,2235
2018-12-17,2139
2018-12-18,2178
2018-12-19,2029
2018-12-20,2212
2018-12-21,1986
2018-12-22,1997
2018-12-23,2011
2018-12-24,2953
2018-12-25,2597
2018-12-26,2454
2018-12-27,2228
2018-12-28,2262
2018-12-29,2060
2018-12-30,2082
2018-12-31,1905
2019-01-01,1885
2019-01-02,2270
2019-01-03,2332
2019-01-04,2186
2019-01-05,2079
2019-01-06,2477
2019-01-07,2476
2019-01-08,2506
2019-01-09,2624
2019-01-10,2571
2019-01-11,2480
2019-01-12,2297
2019-01-13,2206
2019-01-14,2306
2019-01-15,2146
2019-01-16,2515
2019-01-17,3028
2019-01-18,2637
2019-01-19,2733
2019-01-20,3025
2019-01-21,2788
2019-01-22,2681
2019-01-23,2510
2019-01-24,2675
2019-01-25,2411
2019-01-26,2156
2019-01-27,2459
2019-01-28,2424
2019-01-29,2394
2019-01-30,2319
2019-01-31,2244
2019-02-01,2510
2019-02-02,2391
2019-02-03,2374
2019-02-04,2382
2019-02-05,2236
2019-02-06,2232
2019-02-07,2486
2019-02-08,2295
2019-02-09,2219
2019-02-10,2451
2019-02-11,2553
2019-02-12,2498
2019-02-13,2407
2019-02-14,2295
2019-02-15,2059
2019-02-16,2173
2019-02-17,2048
2019-02-18,2253
2019-02-19,2235
2019-02-20,2308
2019-02-21,2432
2019-02-22,2144
2019-02-23,2270
2019-02-24,2409
2019-02-25,2516
2019-02-26,2198
2019-02-27,1977
2019-02-28,2128
2019-03-01,1862
2019-03-02,1851
2019-03-03,1940
2019-03-04,2040
2019-03-05,2347
2019-03-06,2188
2019-03-07,2356
2019-03-08,1954
2019-03-09,2007
2019-03-10,1920
2019-03-11,2079
2019-03-12,2160
2019-03-13,2474
2019-03-14,2468
2019-03-15,2819
2019-03-16,2844
2019-03-17,3452
2019-03-18,3761
2019-03-19,3343
2019-03-20,3087
2019-03-21,2925
2019-03-22,2993
2019-03-23,2829
2019-03-24,2817
2019-03-25,2796
2019-03-26,2829
2019-03-27,3009
2019-03-28,3364
2019-03-29,3062
2019-03-30,3050
2019-03-31,3021
2019-04-01,2986
2019-04-02,3066
2019-04-03,3080
2019-04-04,3089
2019-04-05,2976
2019-04-06,2799
2019-04-07,2989
2019-04-08,3534
2019-04-09,3517
2019-04-10,3201
2019-04-11,2997
2019-04-12,2801
2019-04-13,2632
2019-04-14,2482
2019-04-15,2448
2019-04-16,2737
2019-04-17,2761
2019-04-18,2792
2019-04-19,2605
2019-04-20,2418
2019-04-21,2326
2019-04-22,2374
2019-04-23,2522
2019-04-24,2529
2019-04-25,2533
2019-04-26,2590
2019-04-27,2297
2019-04-28,2218
2019-04-29,2707
2019-04-30,3566
2019-05-01,3307
2019-05-02,3364
2019-05-03,3672
2019-05-04,3005
2019-05-05,2735
2019-05-06,3139
2019-05-07,3022
2019-05-08,2993
2019-05-09,3343
2019-05-10,3119
2019-05-11,2993
2019-05-12,2802
2019-05-13,3017
2019-05-14,4095
2019-05-15,4164
2019-05-16,3992
2019-05-17,3660
2019-05-18,3532
2019-05-19,3113
2019-05-20,3277
2019-05-21,3303
2019-05-22,3227
2019-05-23,2453
2019-05-24,2615
2019-05-25,2498
2019-05-26,2629
2019-05-27,3024
2019-05-28,3231
2019-05-29,3118
2019-05-30,2864
2019-05-31,2731
2019-06-01,2556
2019-06-02,2693
2019-06-03,2632
2019-06-04,3462
2019-06-05,3118
2019-06-06,3023
2019-06-07,3087
2019-06-08,3094
2019-06-09,2672
2019-06-10,2836
2019-06-11,2666
2019-06-12,2630
2019-06-13,2776
2019-06-14,6536
2019-06-15,6306
2019-06-16,5361
2019-06-17,4664
2019-06-18,4460
2019-06-19,4239
2019-06-20,4137
2019-06-21,3757
2019-06-22,3347
2019-06-23,3272
2019-06-24,3554
2019-06-25,3291
2019-06-26,2531
2019-06-27,2933
2019-06-28,2844
2019-06-29,2718
2019-06-30,2288
2019-07-01,2525
2019-07-02,2319
2019-07-03,2669
2019-07-04,2464
2019-07-05,2605
2019-07-06,2373
2019-07-07,2409
2019-07-08,2499
2019-07-09,2193
2019-07-10,1970
2019-07-11,2254
2019-07-12,2682
2019-07-13,3389
2019-07-14,3563
2019-07-15,3189
2019-07-16,3536
2019-07-17,3147
2019-07-18,3480
2019-07-19,3324
2019-07-20,3209
2019-07-21,3624
2019-07-22,3499
2019-07-23,3229
2019-07-24,3223
2019-07-25,3142
2019-07-26,3178
2019-07-27,3330
2019-07-28,3406
2019-07-29,3066
2019-07-30,3423
2019-07-31,2775
2019-08-01,2796
2019-08-02,2550
2019-08-03,2744
2019-08-04,2697
2019-08-05,2465
2019-08-06,2401
2019-08-07,2327
2019-08-08,2477
2019-08-09,2792
2019-08-10,2250
2019-08-11,2554
2019-08-12,2651
2019-08-13,2264
2019-08-14,2255
2019-08-15,2168
2019-08-16,2244
2019-08-17,2184
2019-08-18,2576
2019-08-19,2268
2019-08-20,2248
2019-08-21,2094
2019-08-22,2308
2019-08-23,1966
2019-08-24,2026
2019-08-25,2270
2019-08-26,2348
2019-08-27,2458
2019-08-28,2264
2019-08-29,2061
2019-08-30,2015
2019-08-31,1883
2019-09-01,2014
2019-09-02,1875
2019-09-03,2125
2019-09-04,2096
2019-09-05,2260
2019-09-06,2026
2019-09-07,2245
2019-09-08,2350
2019-09-09,2213
2019-09-10,2745
2019-09-11,3038
2019-09-12,3839
2019-09-13,3966
2019-09-14,3827
2019-09-15,4037
2019-09-16,3596
2019-09-17,3328
2019-09-18,2971
2019-09-19,2965
2019-09-20,2788
2019-09-21,3059
2019-09-22,5421
2019-09-23,3067
2019-09-24,2882
2019-09-25,2669
2019-09-26,2585
2019-09-27,2702
2019-09-28,3820
2019-09-29,3112
2019-09-30,3607
2019-10-01,3019
2019-10-02,3197
2019-10-03,2793
2019-10-04,2368
2019-10-05,2152
2019-10-06,2509
2019-10-07,2301
2019-10-08,2212
2019-10-09,2937
2019-10-10,2544
2019-10-11,2212
2019-10-12,2075
2019-10-13,2174
2019-10-14,2372
2019-10-15,2179
2019-10-16,2069
2019-10-17,1950
2019-10-18,1888
2019-10-19,2076
2019-10-20,2138
2019-10-21,2182
2019-10-22,2136
2019-10-23,2305
2019-10-24,2091
2019-10-25,1933
2019-10-26,1760
2019-10-27,1791
2019-10-28,2081
2019-10-29,2255
2019-10-30,2189
2019-10-31,2204
2019-11-01,2061
2019-11-02,2001
2019-11-03,2063
2019-11-04,2051
2019-11-05,1994
2019-11-06,1972
2019-11-07,2098
2019-11-08,2073
2019-11-09,2046
2019-11-10,2114
2019-11-11,2337
2019-11-12,2408
2019-11-13,2675
2019-11-14,2770
2019-11-15,2533
2019-11-16,2491
2019-11-17,2763
2019-11-18,2610
2019-11-19,2622
2019-11-20,2432
2019-11-21,2268
2019-11-22,2254
2019-11-23,1989
2019-11-24,2085
2019-11-25,2091
2019-11-26,2116
2019-11-27,2002
2019-11-28,1912
2019-11-29,1999
2019-11-30,1919
2019-12-01,2040
2019-12-02,2227
2019-12-03,2264
2019-12-04,2378
2019-12-05,2279
2019-12-06,2013
2019-12-07,2031
2019-12-08,1943
2019-12-09,2221
2019-12-10,2079
2019-12-11,1919
2019-12-12,1920
2019-12-13,1876
2019-12-14,1953
2019-12-15,2031
2019-12-16,1967
2019-12-17,2194
2019-12-18,2064
2019-12-19,2013
2019-12-20,1741
2019-12-21,1769
2019-12-22,1840
2019-12-23,1901
2019-12-24,2055
2019-12-25,1869
2019-12-26,1979
2019-12-27,1952
2019-12-28,1889
2019-12-29,1837
2019-12-30,1883
2019-12-31,1958
2020-01-01,1799
2020-01-02,2279
2020-01-03,2271
2020-01-04,2828
2020-01-05,2273
2020-01-06,2756
2020-01-07,2421
2020-01-08,2935
2020-01-09,2192
2020-01-10,2018
2020-01-11,1869
2020-01-12,1960
2020-01-13,2072
2020-01-14,2006
2020-01-15,2005
2020-01-16,2064
2020-01-17,2003
2020-01-18,2732
2020-01-19,2579
2020-01-20,2661
2020-01-21,2697
2020-01-22,2417
2020-01-23,2430
2020-01-24,2218
2020-01-25,2089
2020-01-26,2059
2020-01-27,2466
2020-01-28,2132
2020-01-29,2112
2020-01-30,2134
2020-01-31,2429
2020-02-01,2418
2020-02-02,2078
2020-02-03,2811
2020-02-04,2173
2020-02-05,2340
2020-02-06,2572
2020-02-07,2606
2020-02-08,2272
2020-02-09,2308
2020-02-10,2485
2020-02-11,2491
2020-02-12,2780
2020-02-13,2805
2020-02-14,2464
2020-02-15,2505
2020-02-16,2506
2020-02-17,2404
2020-02-18,2469
2020-02-19,2377
2020-02-20,2528
2020-02-21,2636
2020-02-22,2293
2020-02-23,2573
2020-02-24,2390
2020-02-25,2316
2020-02-26,2303
2020-02-27,2312
2020-02-28,2241
2020-02-29,2197
2020-03-01,2135
2020-03-02,2206
2020-03-03,2160
2020-03-04,2042
2020-03-05,2296
2020-03-06,2093
2020-03-07,1998
2020-03-08,2039
2020-03-09,2021
2020-03-10,1965
2020-03-11,1870
2020-03-12,1933
2020-03-13,2427
2020-03-14,2519
2020-03-15,2350
2020-03-16,2422
2020-03-17,2397
2020-03-18,2306
2020-03-19,2459
2020-03-20,2256
2020-03-21,1968
2020-03-22,1929
2020-03-23,1974
2020-03-24,1671
2020-03-25,1712
2020-03-26,2272
2020-03-27,2025
2020-03-28,1983
2020-03-29,1937
2020-03-30,2207
2020-03-31,2546
2020-04-01,2636
2020-04-02,2266
2020-04-03,2287
2020-04-04,2473
2020-04-05,2761
2020-04-06,2555
2020-04-07,2379
2020-04-08,2385
2020-04-09,2800
2020-04-10,2630
2020-04-11,2709
2020-04-12,2325
2020-04-13,2526
2020-04-14,2440
2020-04-15,2479
2020-04-16,2661
2020-04-17,2732
2020-04-18,2815
2020-04-19,3057
2020-04-20,2961
2020-04-21,3011
2020-04-22,2900
2020-04-23,2594
2020-04-24,2545
2020-04-25,2640
2020-04-26,2674
2020-04-27,2609
2020-04-28,2825
2020-04-29,2679
2020-04-30,2712
2020-05-01,2515
2020-05-02,2362
2020-05-03,2523
2020-05-04,2921
2020-05-05,2483
2020-05-06,2720
2020-05-07,2718
2020-05-08,2394
2020-05-09,2505
2020-05-10,2482
2020-05-11,2462
2020-05-12,2638
2020-05-13,2493
2020-05-14,2556
2020-05-15,2535
2020-05-16,2636
2020-05-17,2683
2020-05-18,2691
2020-05-19,2511
2020-05-20,2507
2020-05-21,2443
2020-05-22,2546
2020-05-23,2616
2020-05-24,2708
2020-05-25,2931
2020-05-26,3200
2020-05-27,3827
2020-05-28,3688
2020-05-29,3517
2020-05-30,3351
2020-05-31,3228
2020-06-01,3071
2020-06-02,2975
2020-06-03,2838
2020-06-04,3462
2020-06-05,3222
2020-06-06,3207
2020-06-07,3650
2020-06-08,4160
2020-06-09,3830
2020-06-10,4432
2020-06-11,5044
2020-06-12,4460
2020-06-13,3466
2020-06-14,3496
2020-06-15,3397
2020-06-16,3288
2020-06-17,3241
2020-06-18,3237
2020-06-19,3051
2020-06-20,3059
2020-06-21,2910
2020-06-22,2876
2020-06-23,2737
2020-06-24,2844
2020-06-25,3149
2020-06-26,2838
2020-06-27,2921
2020-06-28,2739
2020-06-29,2978
2020-06-30,2835
2020-07-01,2773
2020-07-02,2679
2020-07-03,2714
2020-07-04,2566
2020-07-05,2797
2020-07-06,2741
2020-07-07,2897
2020-07-08,2765
2020-07-09,2806
2020-07-10,2629
2020-07-11,2899
2020-07-12,3024
2020-07-13,3083
2020-07-14,3302
2020-07-15,3339
2020-07-16,3500
2020-07-17,3379
2020-07-18,3968
2020-07-19,3646
2020-07-20,3283
2020-07-21,3107
2020-07-22,3183
2020-07-23,3256
2020-07-24,3137
2020-07-25,3253
2020-07-26,3346
2020-07-27,3277
2020-07-28,3186
2020-07-29,3329
2020-07-30,3313
2020-07-31,2744
2020-08-01,2595
2020-08-02,2998
2020-08-03,2926
2020-08-04,3131
2020-08-05,3169
2020-08-06,2891
2020-08-07,3388
2020-08-08,2885
2020-08-09,2821
2020-08-10,2648
2020-08-11,2935
2020-08-12,3146
2020-08-13,3185
2020-08-14,3080
2020-08-15,2895
2020-08-16,2769
2020-08-17,2791
2020-08-18,3201
2020-08-19,2888
2020-08-20,2901
2020-08-21,2747
2020-08-22,2575
2020-08-23,2783
2020-08-24,2688
2020-08-25,2752
2020-08-26,2709
2020-08-27,2866
2020-08-28,2679
2020-08-29,2479
2020-08-30,2722
2020-08-31,2633
2020-09-01,2542
2020-09-02,2690
2020-09-03,2779
2020-09-04,2911
2020-09-05,2735
2020-09-06,3365
2020-09-07,2994
2020-09-08,2787
2020-09-09,2629
2020-09-10,3222
2020-09-11,4278
2020-09-12,6407
2020-09-13,5735
2020-09-14,4768
2020-09-15,5087
2020-09-16,3991
2020-09-17,4091
2020-09-18,3821
2020-09-19,3736
2020-09-20,3683
2020-09-21,3406
2020-09-22,3102
2020-09-23,3818
2020-09-24,2988
2020-09-25,2871
2020-09-26,2841
2020-09-27,2843
2020-09-28,3273
2020-09-29,3115
2020-09-30,3188
2020-10-01,2771
2020-10-02,2948
2020-10-03,2718
2020-10-04,2600
2020-10-05,9694
2020-10-06,9282
2020-10-07,8105
2020-10-08,6298
2020-10-09,5234
2020-10-10,4769
2020-10-11,4852
2020-10-12,4894
2020-10-13,3933
2020-10-14,3975
2020-10-15,3040
2020-10-16,2546
2020-10-17,3468
2020-10-18,3127
2020-10-19,4770
2020-10-20,4486
2020-10-21,3345
2020-10-22,3405
2020-10-23,2788
2020-10-24,2699
2020-10-25,2264
2020-10-26,2720
2020-10-27,3153
2020-10-28,2890
2020-10-29,2834
2020-10-30,2656
2020-10-31,2491
2020-11-01,2374
2020-11-02,2454
2020-11-03,2533
2020-11-04,2334
2020-11-05,2117
2020-11-06,2029
2020-11-07,2733
2020-11-08,2602
2020-11-09,2828
2020-11-10,2308
2020-11-11,2383
2020-11-12,2328
2020-11-13,1984
2020-11-14,1884
2020-11-15,2472
2020-11-16,2432
2020-11-17,2588
2020-11-18,2503
2020-11-19,2483
2020-11-20,2415
2020-11-21,2333
2020-11-22,2159
2020-11-23,2507
2020-11-24,2246
2020-11-25,2272
2020-11-26,2316
2020-11-27,2277
2020-11-28,2331
2020-11-29,2092
2020-11-30,2390
2020-12-01,2544
2020-12-02,2647
2020-12-03,2839
2020-12-04,2374
2020-12-05,2319
2020-12-06,2285
2020-12-07,2254
2020-12-08,2332
2020-12-09,2451
2020-12-10,2239
2020-12-11,2306
2020-12-12,2237
2020-12-13,2131
2020-12-14,2635
2020-12-15,2573
2020-12-16,2701
2020-12-17,2583
2020-12-18,2039
2020-12-19,1943
2020-12-20,1881
2020-12-21,2081
2020-12-22,3384
2020-12-23,2353
2020-12-24,1903
2020-12-25,1780
2020-12-26,1889
2020-12-27,2039
2020-12-28,1940
2020-12-29,1960
2020-12-30,2029
2020-12-31,2477
2021-01-01,1980
2021-01-02,2560
2021-01-03,2303
2021-01-04,2262
2021-01-05,2378
2021-01-06,2178
2021-01-07,2211
2021-01-08,2363
2021-01-09,2022
2021-01-10,2185
2021-01-11,2037
2021-01-12,2592
2021-01-13,1930
2021-01-14,1855
2021-01-15,2041
2021-01-16,1945
2021-01-17,1805
2021-01-18,1902
2021-01-19,1740
2021-01-20,1984
2021-01-21,1899
2021-01-22,1807
2021-01-23,1821
2021-01-24,1896
2021-01-25,1766
2021-01-26,1792
2021-01-27,1944
2021-01-28,1826
2021-01-29,1945
2021-01-30,1738
2021-01-31,1788
2021-02-01,2029
2021-02-02,1887
2021-02-03,2023
2021-02-04,2083
2021-02-05,1969
2021-02-06,1828
2021-02-07,1880
2021-02-08,1917
2021-02-09,2098
2021-02-10,1985
2021-02-11,1910
2021-02-12,1854
2021-02-13,1627
2021-02-14,1708
2021-02-15,1943
2021-02-16,1997
2021-02-17,2053
2021-02-18,2093
2021-02-19,1925
2021-02-20,2215
2021-02-21,2059
2021-02-22,2141
2021-02-23,2366
2021-02-24,2231
2021-02-25,2136
2021-02-26,2041
2021-02-27,2426
2021-02-28,2187
2021-03-01,2147
2021-03-02,2021
2021-03-03,2120
2021-03-04,2147
2021-03-05,2197
2021-03-06,2118
2021-03-07,2157
2021-03-08,2259
2021-03-09,2771
2021-03-10,2622
2021-03-11,2478
2021-03-12,2571
2021-03-13,2738
2021-03-14,2654
2021-03-15,2530
2021-03-16,2641
2021-03-17,2467
2021-03-18,2479
2021-03-19,2926
2021-03-20,4026
2021-03-21,3729
2021-03-22,3339
2021-03-23,3098
2021-03-24,2969
2021-03-25,3086
2021-03-26,2737
2021-03-27,2761
2021-03-28,2779
2021-03-29,2795
2021-03-30,3146
2021-03-31,2877
2021-04-01,2810
2021-04-02,2858
2021-04-03,2680
2021-04-04,2674
2021-04-05,3032
2021-04-06,2830
2021-04-07,2663
2021-04-08,2555
2021-04-09,2400
2021-04-10,2262
2021-04-11,2522
2021-04-12,2445
2021-04-13,2461
2021-04-14,2564
2021-04-15,2555
2021-04-16,2712
2021-04-17,2557
2021-04-18,2629
2021-04-19,2565
2021-04-20,2652
2021-04-21,2786
2021-04-22,2724
2021-04-23,2404
2021-04-24,2802
2021-04-25,2666
2021-04-26,2648
2021-04-27,2425
2021-04-28,2239
2021-04-29,2336
2021-04-30,2173
2021-05-01,2062
2021-05-02,1885
2021-05-03,2251
2021-05-04,2282
2021-05-05,2394
2021-05-06,2427
2021-05-07,2330
2021-05-08,2245
2021-05-09,2229
2021-05-10,2544
2021-05-11,2913
2021-05-12,2655
2021-05-13,2446
2021-05-14,2959
2021-05-15,3123
2021-05-16,3236
2021-05-17,3137
2021-05-18,3230
2021-05-19,3064
2021-05-20,3150
2021-05-21,3224
2021-05-22,3175
2021-05-23,3105
2021-05-24,2922
2021-05-25,2924
2021-05-26,2890
2021-05-27,3232
2021-05-28,3302
2021-05-29,3221
2021-05-30,3113
2021-05-31,3091
2021-06-01,2840
2021-06-02,2865
2021-06-03,2900
2021-06-04,2745
2021-06-05,2693
2021-06-06,2830
2021-06-07,2932
2021-06-08,2756
2021-06-09,2917
2021-06-10,2976
2021-06-11,2886
2021-06-12,2868
2021-06-13,2916
2021-06-14,2785
2021-06-15,2808
2021-06-16,2988
2021-06-17,3034
2021-06-18,2784
2021-06-19,2365
2021-06-20,2458
2021-06-21,2489
2021-06-22,2854
2021-06-23,2507
2021-06-24,2474
2021-06-25,2572
2021-06-26,2504
2021-06-27,2628
2021-06-28,2566
2021-06-29,2794
2021-06-30,2520
2021-07-01,2766
2021-07-02,2767
2021-07-03,2448
2021-07-04,2602
2021-07-05,2632
2021-07-06,2750
2021-07-07,2654
2021-07-08,2801
2021-07-09,2496
2021-07-10,2513
2021-07-11,2329
2021-07-12,2553
2021-07-13,2760
2021-07-14,2526
2021-07-15,2600
2021-07-16,2492
2021-07-17,2499
2021-07-18,2353
2021-07-19,2676
2021-07-20,2403
2021-07-21,2535
2021-07-22,2693
2021-07-23,2322
2021-07-24,2327
2021-07-25,2088
2021-07-26,2376
2021-07-27,2688
2021-07-28,2391
2021-07-29,2389
2021-07-30,2348
2021-07-31,2513
2021-08-01,2282
2021-08-02,2394
2021-08-03,2272
2021-08-04,2277
2021-08-05,2520
2021-08-06,2452
2021-08-07,2232
2021-08-08,2369
2021-08-09,2452
2021-08-10,2495
2021-08-11,2264
2021-08-12,2237
2021-08-13,2105
2021-08-14,2168
2021-08-15,2010
2021-08-16,2223
2021-08-17,2223
2021-08-18,2378
2021-08-19,2249
2021-08-20,2293
2021-08-21,2238
2021-08-22,2061
2021-08-23,2562
2021-08-24,2388
2021-08-25,2489
2021-08-26,2753
2021-08-27,2500
2021-08-28,2464
2021-08-29,2776
2021-08-30,2793
2021-08-31,2744
2021-09-01,2694
2021-09-02,2720
2021-09-03,2545
2021-09-04,2869
2021-09-05,2790
2021-09-06,2735
2021-09-07,2679
2021-09-08,2573
2021-09-09,3010
2021-09-10,3210
2021-09-11,3118
2021-09-12,3380
2021-09-13,3209
2021-09-14,3092
2021-09-15,4508
2021-09-16,4840
2021-09-17,3380
2021-09-18,3075
2021-09-19,3034
2021-09-20,3080
2021-09-21,3110
2021-09-22,2910
2021-09-23,2905
2021-09-24,3760
2021-09-25,4690
2021-09-26,4638
2021-09-27,4418
2021-09-28,3756
2021-09-29,3743
2021-09-30,3625
2021-10-01,3215
2021-10-02,3346
2021-10-03,3320
2021-10-04,3389
2021-10-05,3127
2021-10-06,3124
2021-10-07,2992
2021-10-08,2953
2021-10-09,2891
2021-10-10,3190
2021-10-11,2867
2021-10-12,2788
2021-10-13,2703
2021-10-14,2665
2021-10-15,7449
2021-10-16,5610
2021-10-17,5364
2021-10-18,4723
2021-10-19,4147
2021-10-20,3740
2021-10-21,3379
2021-10-22,3397
2021-10-23,3141
2021-10-24,3264
2021-10-25,2873
2021-10-26,2463
2021-10-27,2792
2021-10-28,2591
2021-10-29,2290
2021-10-30,2095
2021-10-31,1871
2021-11-01,2225
2021-11-02,2192
2021-11-03,1946
2021-11-04,1814
2021-11-05,2243
2021-11-06,2291
2021-11-07,2382
2021-11-08,2378
2021-11-09,2689
2021-11-10,2388
2021-11-11,2844
2021-11-12,2457
2021-11-13,2479
2021-11-14,2721
2021-11-15,2590
2021-11-16,2516
2021-11-17,2434
2021-11-18,2455
2021-11-19,2560
2021-11-20,2436
2021-11-21,2840
2021-11-22,2474
2021-11-23,2573
2021-11-24,2546
2021-11-25,2475
2021-11-26,2438
2021-11-27,2322
2021-11-28,2522
2021-11-29,2874
2021-11-30,4399
2021-12-01,3827
2021-12-02,3732
2021-12-03,3459
2021-12-04,3013
2021-12-05,3179
2021-12-06,3085
2021-12-07,2969
2021-12-08,2707
2021-12-09,2526
2021-12-10,2555
2021-12-11,2500
2021-12-12,2705
2021-12-13,2771
2021-12-14,2708
2021-12-15,2451
2021-12-16,2428
2021-12-17,2397
2021-12-18,2365
2021-12-19,2220
2021-12-20,2294
2021-12-21,2304
2021-12-22,2392
2021-12-23,2312
2021-12-24,2352
2021-12-25,2256
2021-12-26,2457
2021-12-27,2500
2021-12-28,3182
2021-12-29,2897
2021-12-30,2639
2021-12-31,2312
2022-01-01,2377
2022-01-02,3231
2022-01-03,2808
2022-01-04,2655
2022-01-05,2597
2022-01-06,2622
2022-01-07,2513
2022-01-08,2495
2022-01-09,2926
2022-01-10,2458
2022-01-11,2728
2022-01-12,2747
2022-01-13,2380
2022-01-14,2207
2022-01-15,2253
2022-01-16,2281
2022-01-17,2266
2022-01-18,2349
2022-01-19,2223
2022-01-20,2213
2022-01-21,2226
2022-01-22,2302
2022-01-23,2330
2022-01-24,2386
2022-01-25,2268
2022-01-26,2375
2022-01-27,2354
2022-01-28,2471
2022-01-29,2338
2022-01-30,2371
2022-01-31,2368
2022-02-01,2571
2022-02-02,2470
2022-02-03,2576
2022-02-04,2775
2022-02-05,2635
2022-02-06,2706
2022-02-07,2593
2022-02-08,2715
2022-02-09,2541
2022-02-10,2521
2022-02-11,2495
2022-02-12,2286
2022-02-13,2374
2022-02-14,2237
2022-02-15,2409
2022-02-16,2432
2022-02-17,2650
2022-02-18,2366
2022-02-19,2763
2022-02-20,3685
2022-02-21,3219
2022-02-22,2950
2022-02-23,2659
2022-02-24,2061
2022-02-25,2197
2022-02-26,2209
2022-02-27,2145
2022-02-28,2270
2022-03-01,2352
2022-03-02,2252
2022-03-03,2416
2022-03-04,2082
2022-03-05,2151
2022-03-06,2164
2022-03-07,2301
2022-03-08,2344
2022-03-09,2421
2022-03-10,2500
2022-03-11,2224
2022-03-12,2256
2022-03-13,2439
2022-03-14,2450
2022-03-15,2336
2022-03-16,2235
2022-03-17,3033
2022-03-18,2654
2022-03-19,2775
2022-03-20,2877
2022-03-21,2905
2022-03-22,3188
2022-03-23,3173
2022-03-24,2988
2022-03-25,3078
2022-03-26,2882
2022-03-27,2711
2022-03-28,2896
2022-03-29,2805
2022-03-30,2868
2022-03-31,2798
2022-04-01,2823
2022-04-02,2739
2022-04-03,2698
2022-04-04,2703
2022-04-05,3275
2022-04-06,2914
2022-04-07,3140
2022-04-08,2937
2022-04-09,3048
2022-04-10,3061
2022-04-11,2830
2022-04-12,2813
2022-04-13,2803
2022-04-14,2668
2022-04-15,2627
2022-04-16,2542
2022-04-17,2584
2022-04-18,2738
2022-04-19,2833
2022-04-20,2634
2022-04-21,2824
2022-04-22,2893
2022-04-23,2333
2022-04-24,2420
2022-04-25,3089
2022-04-26,3031
2022-04-27,2660
2022-04-28,2759
2022-04-29,2274
2022-04-30,2296
2022-05-01,2105
2022-05-02,2357
2022-05-03,2302
2022-05-04,2426
2022-05-05,2250
2022-05-06,2310
2022-05-07,2520
2022-05-08,2341
2022-05-09,2425
2022-05-10,2388
2022-05-11,2380
2022-05-12,2399
2022-05-13,2185
2022-05-14,2116
2022-05-15,2187
2022-05-16,2254
2022-05-17,2287
2022-05-18,2270
2022-05-19,2388
2022-05-20,2550
2022-05-21,2287
2022-05-22,2367
2022-05-23,2582
2022-05-24,2537
2022-05-25,2573
2022-05-26,2935
2022-05-27,2716
2022-05-28,2772
2022-05-29,2467
2022-05-30,2596
2022-05-31,2741
2022-06-01,2746
2022-06-02,2846
2022-06-03,2664
2022-06-04,2629
2022-06-05,2667
2022-06-06,2581
2022-06-07,2741
2022-06-08,2641
2022-06-09,2989
2022-06-10,2690
2022-06-11,2379
2022-06-12,2767
2022-06-13,2777
2022-06-14,2669
2022-06-15,2611
2022-06-16,2553
2022-06-17,2488
2022-06-18,2436
2022-06-19,2431
2022-06-20,2688
2022-06-21,2595
2022-06-22,2730
2022-06-23,2592
2022-06-24,2607
2022-06-25,2579
2022-06-26,2491
2022-06-27,2610
2022-06-28,2591
2022-06-29,2600
2022-06-30,2499
2022-07-01,2307
2022-07-02,2347
2022-07-03,2581
2022-07-04,2411
2022-07-05,2715
2022-07-06,2620
2022-07-07,2564
2022-07-08,2507
2022-07-09,2658
2022-07-10,2858
2022-07-11,3248
2022-07-12,3265
2022-07-13,3067
2022-07-14,2867
2022-07-15,3379
2022-07-16,3193
2022-07-17,3176
2022-07-18,3102
2022-07-19,3012
2022-07-20,3198
2022-07-21,3131
2022-07-22,3231
2022-07-23,3197
2022-07-24,3193
2022-07-25,2970
2022-07-26,3072
2022-07-27,2903
2022-07-28,3101
2022-07-29,2866
2022-07-30,2872
2022-07-31,2841
2022-08-01,2911
2022-08-02,2799
2022-08-03,2947
2022-08-04,2973
2022-08-05,3346
2022-08-06,3144
2022-08-07,3343
2022-08-08,4092
2022-08-09,4078
2022-08-10,3495
2022-08-11,3417
2022-08-12,3136
2022-08-13,3092
2022-08-14,3401
2022-08-15,3337
2022-08-16,3281
2022-08-17,3350
2022-08-18,3131
2022-08-19,3166
2022-08-20,2967
2022-08-21,3298
2022-08-22,2990
2022-08-23,3048
2022-08-24,3100
2022-08-25,3009
2022-08-26,3105
2022-08-27,2991
2022-08-28,3002
2022-08-29,3056
2022-08-30,2778
2022-08-31,2720
2022-09-01,2902
2022-09-02,2863
2022-09-03,3034
2022-09-04,2680
2022-09-05,2755
2022-09-06,2818
2022-09-07,2840
2022-09-08,2625
2022-09-09,2797
2022-09-10,3185
2022-09-11,7516
2022-09-12,5920
2022-09-13,5063
2022-09-14,4516
2022-09-15,4497
2022-09-16,3746
2022-09-17,3610
2022-09-18,3910
2022-09-19,3372
2022-09-20,3540
2022-09-21,3146
2022-09-22,2652
2022-09-23,2911
2022-09-24,2846
2022-09-25,2782
2022-09-26,2711
2022-09-27,2629
2022-09-28,2450
2022-09-29,2481
2022-09-30,2392
2022-10-01,2365
2022-10-02,2381
2022-10-03,2160
2022-10-04,2488
2022-10-05,2509
2022-10-06,2468
2022-10-07,2468
2022-10-08,2267
2022-10-09,2287
2022-10-10,2229
2022-10-11,2368
2022-10-12,2373
2022-10-13,2459
2022-10-14,2318
2022-10-15,2293
2022-10-16,2424
2022-10-17,2304
2022-10-18,2344
2022-10-19,2127
2022-10-20,2255
2022-10-21,2267
2022-10-22,2109
2022-10-23,2019
2022-10-24,1924
2022-10-25,2578
2022-10-26,2571
2022-10-27,2603
2022-10-28,2830
2022-10-29,2863
2022-10-30,2729
2022-10-31,2612
2022-11-01,2605
2022-11-02,2652
2022-11-03,2656
2022-11-04,2598
2022-11-05,2437
2022-11-06,2633
2022-11-07,2558
2022-11-08,2761
2022-11-09,2417
2022-11-10,2184
2022-11-11,2462
2022-11-12,2271
2022-11-13,2267
2022-11-14,2308
2022-11-15,2468
2022-11-16,2269
2022-11-17,2249
2022-11-18,2156
2022-11-19,2215
2022-11-20,2217
2022-11-21,2036
2022-11-22,2093
2022-11-23,2244
2022-11-24,1976
2022-11-25,2255
2022-11-26,2202
2022-11-27,2234
2022-11-28,2313
2022-11-29,2150
2022-11-30,2203
2022-12-01,2280
2022-12-02,2061
2022-12-03,2322
2022-12-04,2161
2022-12-05,2057
2022-12-06,1984
2022-12-07,1949
2022-12-08,1956
2022-12-09,2081
2022-12-10,2071
2022-12-11,2253
2022-12-12,2246
2022-12-13,2331
2022-12-14,2149
2022-12-15,2374
2022-12-16,2478
2022-12-17,2171
2022-12-18,2381
2022-12-19,2192
2022-12-20,2156
2022-12-21,2165
2022-12-22,2207
2022-12-23,2198
2022-12-24,2272
2022-12-25,2024
2022-12-26,2453
2022-12-27,2342
2022-12-28,2624
